<?xml version="1.0" encoding="UTF-8"?>
    <addon id="repository.ThunderTV" name="ThunderTV Repo" version="0.1.0" provider-name="ThunderTV">
        <requires>
            <import addon="xbmc.addon" version="12.0.0"/>
        </requires>
        <extension point="xbmc.addon.repository" name="ThunderTV Repo">
            <info compressed="false">https://github.com/ThunderTV/_repo/addons.xml</info>
            <checksum>https://github.com/ThunderTV/_repo/addons.xml.md5</checksum>
            <datadir zip="true">https://github.com/ThunderTV/_repo/</datadir>
            <hashes>false</hashes>
        </extension>
        <extension point="xbmc.addon.metadata">
            <summary>All things ThunderTV</summary>
            <description>All things ThunderTV</description>
            <platform>all</platform>
    </extension>
</addon>